Headers,HeadersThumbs,HeadersDisplay,collection1Thumbs,collection1HD,collection2Thumbs,collection2HD,collection3Thumbs,collection3HD,,,,,,,,,,,,,,,,,,,,,,
collection1,https://raw.githubusercontent.com/indpDB/UC-ImageApps-MakeupStyles/master/C1/TH/1.jpg,Yes,https://raw.githubusercontent.com/indpDB/UC-ImageApps-MakeupStyles/master/C1/TH/1.jpg,https://raw.githubusercontent.com/indpDB/UC-ImageApps-MakeupStyles/master/C1/HD/1.jpg,https://raw.githubusercontent.com/indpDB/UC-ImageApps-MakeupStyles/master/C2/TH/1.jpg,https://raw.githubusercontent.com/indpDB/UC-ImageApps-MakeupStyles/master/C2/HD/1.jpg,https://raw.githubusercontent.com/indpDB/UC-ImageApps-MakeupStyles/master/C3/TH/1.jpg,https://raw.githubusercontent.com/indpDB/UC-ImageApps-MakeupStyles/master/C2/HD/1.jpg,,,,,,,,,,,,,,,,,,,,,,
collection2,https://raw.githubusercontent.com/indpDB/UC-ImageApps-MakeupStyles/master/C2/TH/1.jpg,Yes,https://raw.githubusercontent.com/indpDB/UC-ImageApps-MakeupStyles/master/C1/TH/2.jpg,https://raw.githubusercontent.com/indpDB/UC-ImageApps-MakeupStyles/master/C1/HD/2.jpg,https://raw.githubusercontent.com/indpDB/UC-ImageApps-MakeupStyles/master/C2/TH/2.jpg,https://raw.githubusercontent.com/indpDB/UC-ImageApps-MakeupStyles/master/C2/HD/2.jpg,https://raw.githubusercontent.com/indpDB/UC-ImageApps-MakeupStyles/master/C3/TH/2.jpg,https://raw.githubusercontent.com/indpDB/UC-ImageApps-MakeupStyles/master/C2/HD/2.jpg,,,,,,,,,,,,,,,,,,,,,,
collection3,https://raw.githubusercontent.com/indpDB/UC-ImageApps-MakeupStyles/master/C3/TH/1.jpg,Yes,https://raw.githubusercontent.com/indpDB/UC-ImageApps-MakeupStyles/master/C1/TH/3.jpg,https://raw.githubusercontent.com/indpDB/UC-ImageApps-MakeupStyles/master/C1/HD/3.jpg,https://raw.githubusercontent.com/indpDB/UC-ImageApps-MakeupStyles/master/C2/TH/3.jpg,https://raw.githubusercontent.com/indpDB/UC-ImageApps-MakeupStyles/master/C2/HD/3.jpg,https://raw.githubusercontent.com/indpDB/UC-ImageApps-MakeupStyles/master/C3/TH/3.jpg,https://raw.githubusercontent.com/indpDB/UC-ImageApps-MakeupStyles/master/C2/HD/3.jpg,,,,,,,,,,,,,,,,,,,,,,
,,,https://raw.githubusercontent.com/indpDB/UC-ImageApps-MakeupStyles/master/C1/TH/4.jpg,https://raw.githubusercontent.com/indpDB/UC-ImageApps-MakeupStyles/master/C1/HD/4.jpg,https://raw.githubusercontent.com/indpDB/UC-ImageApps-MakeupStyles/master/C2/TH/4.jpg,https://raw.githubusercontent.com/indpDB/UC-ImageApps-MakeupStyles/master/C2/HD/4.jpg,https://raw.githubusercontent.com/indpDB/UC-ImageApps-MakeupStyles/master/C3/TH/4.jpg,https://raw.githubusercontent.com/indpDB/UC-ImageApps-MakeupStyles/master/C2/HD/4.jpg,,,,,,,,,,,,,,,,,,,,,,
,,,https://raw.githubusercontent.com/indpDB/UC-ImageApps-MakeupStyles/master/C1/TH/5.jpg,https://raw.githubusercontent.com/indpDB/UC-ImageApps-MakeupStyles/master/C1/HD/5.jpg,https://raw.githubusercontent.com/indpDB/UC-ImageApps-MakeupStyles/master/C2/TH/5.jpg,https://raw.githubusercontent.com/indpDB/UC-ImageApps-MakeupStyles/master/C2/HD/5.jpg,https://raw.githubusercontent.com/indpDB/UC-ImageApps-MakeupStyles/master/C3/TH/5.jpg,https://raw.githubusercontent.com/indpDB/UC-ImageApps-MakeupStyles/master/C2/HD/5.jpg,,,,,,,,,,,,,,,,,,,,,,
,,,https://raw.githubusercontent.com/indpDB/UC-ImageApps-MakeupStyles/master/C1/TH/6.jpg,https://raw.githubusercontent.com/indpDB/UC-ImageApps-MakeupStyles/master/C1/HD/6.jpg,https://raw.githubusercontent.com/indpDB/UC-ImageApps-MakeupStyles/master/C2/TH/6.jpg,https://raw.githubusercontent.com/indpDB/UC-ImageApps-MakeupStyles/master/C2/HD/6.jpg,https://raw.githubusercontent.com/indpDB/UC-ImageApps-MakeupStyles/master/C3/TH/6.jpg,https://raw.githubusercontent.com/indpDB/UC-ImageApps-MakeupStyles/master/C2/HD/6.jpg,,,,,,,,,,,,,,,,,,,,,,
,,,https://raw.githubusercontent.com/indpDB/UC-ImageApps-MakeupStyles/master/C1/TH/7.jpg,https://raw.githubusercontent.com/indpDB/UC-ImageApps-MakeupStyles/master/C1/HD/7.jpg,https://raw.githubusercontent.com/indpDB/UC-ImageApps-MakeupStyles/master/C2/TH/7.jpg,https://raw.githubusercontent.com/indpDB/UC-ImageApps-MakeupStyles/master/C2/HD/7.jpg,https://raw.githubusercontent.com/indpDB/UC-ImageApps-MakeupStyles/master/C3/TH/7.jpg,https://raw.githubusercontent.com/indpDB/UC-ImageApps-MakeupStyles/master/C2/HD/7.jpg,,,,,,,,,,,,,,,,,,,,,,
,,,https://raw.githubusercontent.com/indpDB/UC-ImageApps-MakeupStyles/master/C1/TH/8.jpg,https://raw.githubusercontent.com/indpDB/UC-ImageApps-MakeupStyles/master/C1/HD/8.jpg,https://raw.githubusercontent.com/indpDB/UC-ImageApps-MakeupStyles/master/C2/TH/8.jpg,https://raw.githubusercontent.com/indpDB/UC-ImageApps-MakeupStyles/master/C2/HD/8.jpg,https://raw.githubusercontent.com/indpDB/UC-ImageApps-MakeupStyles/master/C3/TH/8.jpg,https://raw.githubusercontent.com/indpDB/UC-ImageApps-MakeupStyles/master/C2/HD/8.jpg,,,,,,,,,,,,,,,,,,,,,,
,,,https://raw.githubusercontent.com/indpDB/UC-ImageApps-MakeupStyles/master/C1/TH/9.jpg,https://raw.githubusercontent.com/indpDB/UC-ImageApps-MakeupStyles/master/C1/HD/9.jpg,https://raw.githubusercontent.com/indpDB/UC-ImageApps-MakeupStyles/master/C2/TH/9.jpg,https://raw.githubusercontent.com/indpDB/UC-ImageApps-MakeupStyles/master/C2/HD/9.jpg,https://raw.githubusercontent.com/indpDB/UC-ImageApps-MakeupStyles/master/C3/TH/9.jpg,https://raw.githubusercontent.com/indpDB/UC-ImageApps-MakeupStyles/master/C2/HD/9.jpg,,,,,,,,,,,,,,,,,,,,,,
,,,https://raw.githubusercontent.com/indpDB/UC-ImageApps-MakeupStyles/master/C1/TH/10.jpg,https://raw.githubusercontent.com/indpDB/UC-ImageApps-MakeupStyles/master/C1/HD/10.jpg,https://raw.githubusercontent.com/indpDB/UC-ImageApps-MakeupStyles/master/C2/TH/10.jpg,https://raw.githubusercontent.com/indpDB/UC-ImageApps-MakeupStyles/master/C2/HD/10.jpg,https://raw.githubusercontent.com/indpDB/UC-ImageApps-MakeupStyles/master/C3/TH/10.jpg,https://raw.githubusercontent.com/indpDB/UC-ImageApps-MakeupStyles/master/C2/HD/10.jpg,,,,,,,,,,,,,,,,,,,,,,
,,,https://raw.githubusercontent.com/indpDB/UC-ImageApps-MakeupStyles/master/C1/TH/11.jpg,https://raw.githubusercontent.com/indpDB/UC-ImageApps-MakeupStyles/master/C1/HD/11.jpg,https://raw.githubusercontent.com/indpDB/UC-ImageApps-MakeupStyles/master/C2/TH/11.jpg,https://raw.githubusercontent.com/indpDB/UC-ImageApps-MakeupStyles/master/C2/HD/11.jpg,https://raw.githubusercontent.com/indpDB/UC-ImageApps-MakeupStyles/master/C3/TH/11.jpg,https://raw.githubusercontent.com/indpDB/UC-ImageApps-MakeupStyles/master/C2/HD/11.jpg,,,,,,,,,,,,,,,,,,,,,,
,,,https://raw.githubusercontent.com/indpDB/UC-ImageApps-MakeupStyles/master/C1/TH/12.jpg,https://raw.githubusercontent.com/indpDB/UC-ImageApps-MakeupStyles/master/C1/HD/12.jpg,https://raw.githubusercontent.com/indpDB/UC-ImageApps-MakeupStyles/master/C2/TH/12.jpg,https://raw.githubusercontent.com/indpDB/UC-ImageApps-MakeupStyles/master/C2/HD/12.jpg,https://raw.githubusercontent.com/indpDB/UC-ImageApps-MakeupStyles/master/C3/TH/12.jpg,https://raw.githubusercontent.com/indpDB/UC-ImageApps-MakeupStyles/master/C2/HD/12.jpg,,,,,,,,,,,,,,,,,,,,,,
,,,https://raw.githubusercontent.com/indpDB/UC-ImageApps-MakeupStyles/master/C1/TH/13.jpg,https://raw.githubusercontent.com/indpDB/UC-ImageApps-MakeupStyles/master/C1/HD/13.jpg,https://raw.githubusercontent.com/indpDB/UC-ImageApps-MakeupStyles/master/C2/TH/13.jpg,https://raw.githubusercontent.com/indpDB/UC-ImageApps-MakeupStyles/master/C2/HD/13.jpg,https://raw.githubusercontent.com/indpDB/UC-ImageApps-MakeupStyles/master/C3/TH/13.jpg,https://raw.githubusercontent.com/indpDB/UC-ImageApps-MakeupStyles/master/C2/HD/13.jpg,,,,,,,,,,,,,,,,,,,,,,
,,,https://raw.githubusercontent.com/indpDB/UC-ImageApps-MakeupStyles/master/C1/TH/14.jpg,https://raw.githubusercontent.com/indpDB/UC-ImageApps-MakeupStyles/master/C1/HD/14.jpg,https://raw.githubusercontent.com/indpDB/UC-ImageApps-MakeupStyles/master/C2/TH/14.jpg,https://raw.githubusercontent.com/indpDB/UC-ImageApps-MakeupStyles/master/C2/HD/14.jpg,https://raw.githubusercontent.com/indpDB/UC-ImageApps-MakeupStyles/master/C3/TH/14.jpg,https://raw.githubusercontent.com/indpDB/UC-ImageApps-MakeupStyles/master/C2/HD/14.jpg,,,,,,,,,,,,,,,,,,,,,,
,,,https://raw.githubusercontent.com/indpDB/UC-ImageApps-MakeupStyles/master/C1/TH/15.jpg,https://raw.githubusercontent.com/indpDB/UC-ImageApps-MakeupStyles/master/C1/HD/15.jpg,https://raw.githubusercontent.com/indpDB/UC-ImageApps-MakeupStyles/master/C2/TH/15.jpg,https://raw.githubusercontent.com/indpDB/UC-ImageApps-MakeupStyles/master/C2/HD/15.jpg,https://raw.githubusercontent.com/indpDB/UC-ImageApps-MakeupStyles/master/C3/TH/15.jpg,https://raw.githubusercontent.com/indpDB/UC-ImageApps-MakeupStyles/master/C2/HD/15.jpg,,,,,,,,,,,,,,,,,,,,,,
,,,https://raw.githubusercontent.com/indpDB/UC-ImageApps-MakeupStyles/master/C1/TH/16.jpg,https://raw.githubusercontent.com/indpDB/UC-ImageApps-MakeupStyles/master/C1/HD/16.jpg,https://raw.githubusercontent.com/indpDB/UC-ImageApps-MakeupStyles/master/C2/TH/16.jpg,https://raw.githubusercontent.com/indpDB/UC-ImageApps-MakeupStyles/master/C2/HD/16.jpg,https://raw.githubusercontent.com/indpDB/UC-ImageApps-MakeupStyles/master/C3/TH/16.jpg,https://raw.githubusercontent.com/indpDB/UC-ImageApps-MakeupStyles/master/C2/HD/16.jpg,,,,,,,,,,,,,,,,,,,,,,
,,,https://raw.githubusercontent.com/indpDB/UC-ImageApps-MakeupStyles/master/C1/TH/17.jpg,https://raw.githubusercontent.com/indpDB/UC-ImageApps-MakeupStyles/master/C1/HD/17.jpg,https://raw.githubusercontent.com/indpDB/UC-ImageApps-MakeupStyles/master/C2/TH/17.jpg,https://raw.githubusercontent.com/indpDB/UC-ImageApps-MakeupStyles/master/C2/HD/17.jpg,https://raw.githubusercontent.com/indpDB/UC-ImageApps-MakeupStyles/master/C3/TH/17.jpg,https://raw.githubusercontent.com/indpDB/UC-ImageApps-MakeupStyles/master/C2/HD/17.jpg,,,,,,,,,,,,,,,,,,,,,,
,,,https://raw.githubusercontent.com/indpDB/UC-ImageApps-MakeupStyles/master/C1/TH/18.jpg,https://raw.githubusercontent.com/indpDB/UC-ImageApps-MakeupStyles/master/C1/HD/18.jpg,https://raw.githubusercontent.com/indpDB/UC-ImageApps-MakeupStyles/master/C2/TH/18.jpg,https://raw.githubusercontent.com/indpDB/UC-ImageApps-MakeupStyles/master/C2/HD/18.jpg,https://raw.githubusercontent.com/indpDB/UC-ImageApps-MakeupStyles/master/C3/TH/18.jpg,https://raw.githubusercontent.com/indpDB/UC-ImageApps-MakeupStyles/master/C2/HD/18.jpg,,,,,,,,,,,,,,,,,,,,,,
,,,https://raw.githubusercontent.com/indpDB/UC-ImageApps-MakeupStyles/master/C1/TH/19.jpg,https://raw.githubusercontent.com/indpDB/UC-ImageApps-MakeupStyles/master/C1/HD/19.jpg,https://raw.githubusercontent.com/indpDB/UC-ImageApps-MakeupStyles/master/C2/TH/19.jpg,https://raw.githubusercontent.com/indpDB/UC-ImageApps-MakeupStyles/master/C2/HD/19.jpg,https://raw.githubusercontent.com/indpDB/UC-ImageApps-MakeupStyles/master/C3/TH/19.jpg,https://raw.githubusercontent.com/indpDB/UC-ImageApps-MakeupStyles/master/C2/HD/19.jpg,,,,,,,,,,,,,,,,,,,,,,
,,,https://raw.githubusercontent.com/indpDB/UC-ImageApps-MakeupStyles/master/C1/TH/20.jpg,https://raw.githubusercontent.com/indpDB/UC-ImageApps-MakeupStyles/master/C1/HD/20.jpg,https://raw.githubusercontent.com/indpDB/UC-ImageApps-MakeupStyles/master/C2/TH/20.jpg,https://raw.githubusercontent.com/indpDB/UC-ImageApps-MakeupStyles/master/C2/HD/20.jpg,https://raw.githubusercontent.com/indpDB/UC-ImageApps-MakeupStyles/master/C3/TH/20.jpg,https://raw.githubusercontent.com/indpDB/UC-ImageApps-MakeupStyles/master/C2/HD/20.jpg,,,,,,,,,,,,,,,,,,,,,,
,,,https://raw.githubusercontent.com/indpDB/UC-ImageApps-MakeupStyles/master/C1/TH/21.jpg,https://raw.githubusercontent.com/indpDB/UC-ImageApps-MakeupStyles/master/C1/HD/21.jpg,https://raw.githubusercontent.com/indpDB/UC-ImageApps-MakeupStyles/master/C2/TH/21.jpg,https://raw.githubusercontent.com/indpDB/UC-ImageApps-MakeupStyles/master/C2/HD/21.jpg,https://raw.githubusercontent.com/indpDB/UC-ImageApps-MakeupStyles/master/C3/TH/21.jpg,https://raw.githubusercontent.com/indpDB/UC-ImageApps-MakeupStyles/master/C2/HD/21.jpg,,,,,,,,,,,,,,,,,,,,,,
,,,https://raw.githubusercontent.com/indpDB/UC-ImageApps-MakeupStyles/master/C1/TH/22.jpg,https://raw.githubusercontent.com/indpDB/UC-ImageApps-MakeupStyles/master/C1/HD/22.jpg,https://raw.githubusercontent.com/indpDB/UC-ImageApps-MakeupStyles/master/C2/TH/22.jpg,https://raw.githubusercontent.com/indpDB/UC-ImageApps-MakeupStyles/master/C2/HD/22.jpg,https://raw.githubusercontent.com/indpDB/UC-ImageApps-MakeupStyles/master/C3/TH/22.jpg,https://raw.githubusercontent.com/indpDB/UC-ImageApps-MakeupStyles/master/C2/HD/22.jpg,,,,,,,,,,,,,,,,,,,,,,
,,,https://raw.githubusercontent.com/indpDB/UC-ImageApps-MakeupStyles/master/C1/TH/23.jpg,https://raw.githubusercontent.com/indpDB/UC-ImageApps-MakeupStyles/master/C1/HD/23.jpg,https://raw.githubusercontent.com/indpDB/UC-ImageApps-MakeupStyles/master/C2/TH/23.jpg,https://raw.githubusercontent.com/indpDB/UC-ImageApps-MakeupStyles/master/C2/HD/23.jpg,https://raw.githubusercontent.com/indpDB/UC-ImageApps-MakeupStyles/master/C3/TH/23.jpg,https://raw.githubusercontent.com/indpDB/UC-ImageApps-MakeupStyles/master/C2/HD/23.jpg,,,,,,,,,,,,,,,,,,,,,,
,,,https://raw.githubusercontent.com/indpDB/UC-ImageApps-MakeupStyles/master/C1/TH/24.jpg,https://raw.githubusercontent.com/indpDB/UC-ImageApps-MakeupStyles/master/C1/HD/24.jpg,https://raw.githubusercontent.com/indpDB/UC-ImageApps-MakeupStyles/master/C2/TH/24.jpg,https://raw.githubusercontent.com/indpDB/UC-ImageApps-MakeupStyles/master/C2/HD/24.jpg,https://raw.githubusercontent.com/indpDB/UC-ImageApps-MakeupStyles/master/C3/TH/24.jpg,https://raw.githubusercontent.com/indpDB/UC-ImageApps-MakeupStyles/master/C2/HD/24.jpg,,,,,,,,,,,,,,,,,,,,,,
,,,https://raw.githubusercontent.com/indpDB/UC-ImageApps-MakeupStyles/master/C1/TH/25.jpg,https://raw.githubusercontent.com/indpDB/UC-ImageApps-MakeupStyles/master/C1/HD/25.jpg,https://raw.githubusercontent.com/indpDB/UC-ImageApps-MakeupStyles/master/C2/TH/25.jpg,https://raw.githubusercontent.com/indpDB/UC-ImageApps-MakeupStyles/master/C2/HD/25.jpg,https://raw.githubusercontent.com/indpDB/UC-ImageApps-MakeupStyles/master/C3/TH/25.jpg,https://raw.githubusercontent.com/indpDB/UC-ImageApps-MakeupStyles/master/C2/HD/25.jpg,,,,,,,,,,,,,,,,,,,,,,
,,,https://raw.githubusercontent.com/indpDB/UC-ImageApps-MakeupStyles/master/C1/TH/26.jpg,https://raw.githubusercontent.com/indpDB/UC-ImageApps-MakeupStyles/master/C1/HD/26.jpg,https://raw.githubusercontent.com/indpDB/UC-ImageApps-MakeupStyles/master/C2/TH/26.jpg,https://raw.githubusercontent.com/indpDB/UC-ImageApps-MakeupStyles/master/C2/HD/26.jpg,https://raw.githubusercontent.com/indpDB/UC-ImageApps-MakeupStyles/master/C3/TH/26.jpg,https://raw.githubusercontent.com/indpDB/UC-ImageApps-MakeupStyles/master/C2/HD/26.jpg,,,,,,,,,,,,,,,,,,,,,,
,,,https://raw.githubusercontent.com/indpDB/UC-ImageApps-MakeupStyles/master/C1/TH/27.jpg,https://raw.githubusercontent.com/indpDB/UC-ImageApps-MakeupStyles/master/C1/HD/27.jpg,https://raw.githubusercontent.com/indpDB/UC-ImageApps-MakeupStyles/master/C2/TH/27.jpg,https://raw.githubusercontent.com/indpDB/UC-ImageApps-MakeupStyles/master/C2/HD/27.jpg,https://raw.githubusercontent.com/indpDB/UC-ImageApps-MakeupStyles/master/C3/TH/27.jpg,https://raw.githubusercontent.com/indpDB/UC-ImageApps-MakeupStyles/master/C2/HD/27.jpg,,,,,,,,,,,,,,,,,,,,,,
,,,https://raw.githubusercontent.com/indpDB/UC-ImageApps-MakeupStyles/master/C1/TH/28.jpg,https://raw.githubusercontent.com/indpDB/UC-ImageApps-MakeupStyles/master/C1/HD/28.jpg,https://raw.githubusercontent.com/indpDB/UC-ImageApps-MakeupStyles/master/C2/TH/28.jpg,https://raw.githubusercontent.com/indpDB/UC-ImageApps-MakeupStyles/master/C2/HD/28.jpg,https://raw.githubusercontent.com/indpDB/UC-ImageApps-MakeupStyles/master/C3/TH/28.jpg,https://raw.githubusercontent.com/indpDB/UC-ImageApps-MakeupStyles/master/C2/HD/28.jpg,,,,,,,,,,,,,,,,,,,,,,
,,,https://raw.githubusercontent.com/indpDB/UC-ImageApps-MakeupStyles/master/C1/TH/29.jpg,https://raw.githubusercontent.com/indpDB/UC-ImageApps-MakeupStyles/master/C1/HD/29.jpg,https://raw.githubusercontent.com/indpDB/UC-ImageApps-MakeupStyles/master/C2/TH/29.jpg,https://raw.githubusercontent.com/indpDB/UC-ImageApps-MakeupStyles/master/C2/HD/29.jpg,https://raw.githubusercontent.com/indpDB/UC-ImageApps-MakeupStyles/master/C3/TH/29.jpg,https://raw.githubusercontent.com/indpDB/UC-ImageApps-MakeupStyles/master/C2/HD/29.jpg,,,,,,,,,,,,,,,,,,,,,,
,,,https://raw.githubusercontent.com/indpDB/UC-ImageApps-MakeupStyles/master/C1/TH/30.jpg,https://raw.githubusercontent.com/indpDB/UC-ImageApps-MakeupStyles/master/C1/HD/30.jpg,https://raw.githubusercontent.com/indpDB/UC-ImageApps-MakeupStyles/master/C2/TH/30.jpg,https://raw.githubusercontent.com/indpDB/UC-ImageApps-MakeupStyles/master/C2/HD/30.jpg,https://raw.githubusercontent.com/indpDB/UC-ImageApps-MakeupStyles/master/C3/TH/30.jpg,https://raw.githubusercontent.com/indpDB/UC-ImageApps-MakeupStyles/master/C2/HD/30.jpg,,,,,,,,,,,,,,,,,,,,,,
,,,https://raw.githubusercontent.com/indpDB/UC-ImageApps-MakeupStyles/master/C1/TH/31.jpg,https://raw.githubusercontent.com/indpDB/UC-ImageApps-MakeupStyles/master/C1/HD/31.jpg,https://raw.githubusercontent.com/indpDB/UC-ImageApps-MakeupStyles/master/C2/TH/31.jpg,https://raw.githubusercontent.com/indpDB/UC-ImageApps-MakeupStyles/master/C2/HD/31.jpg,https://raw.githubusercontent.com/indpDB/UC-ImageApps-MakeupStyles/master/C3/TH/31.jpg,https://raw.githubusercontent.com/indpDB/UC-ImageApps-MakeupStyles/master/C2/HD/31.jpg,,,,,,,,,,,,,,,,,,,,,,
,,,https://raw.githubusercontent.com/indpDB/UC-ImageApps-MakeupStyles/master/C1/TH/32.jpg,https://raw.githubusercontent.com/indpDB/UC-ImageApps-MakeupStyles/master/C1/HD/32.jpg,https://raw.githubusercontent.com/indpDB/UC-ImageApps-MakeupStyles/master/C2/TH/32.jpg,https://raw.githubusercontent.com/indpDB/UC-ImageApps-MakeupStyles/master/C2/HD/32.jpg,https://raw.githubusercontent.com/indpDB/UC-ImageApps-MakeupStyles/master/C3/TH/32.jpg,https://raw.githubusercontent.com/indpDB/UC-ImageApps-MakeupStyles/master/C2/HD/32.jpg,,,,,,,,,,,,,,,,,,,,,,
,,,https://raw.githubusercontent.com/indpDB/UC-ImageApps-MakeupStyles/master/C1/TH/33.jpg,https://raw.githubusercontent.com/indpDB/UC-ImageApps-MakeupStyles/master/C1/HD/33.jpg,https://raw.githubusercontent.com/indpDB/UC-ImageApps-MakeupStyles/master/C2/TH/33.jpg,https://raw.githubusercontent.com/indpDB/UC-ImageApps-MakeupStyles/master/C2/HD/33.jpg,https://raw.githubusercontent.com/indpDB/UC-ImageApps-MakeupStyles/master/C3/TH/33.jpg,https://raw.githubusercontent.com/indpDB/UC-ImageApps-MakeupStyles/master/C2/HD/33.jpg,,,,,,,,,,,,,,,,,,,,,,
,,,https://raw.githubusercontent.com/indpDB/UC-ImageApps-MakeupStyles/master/C1/TH/34.jpg,https://raw.githubusercontent.com/indpDB/UC-ImageApps-MakeupStyles/master/C1/HD/34.jpg,https://raw.githubusercontent.com/indpDB/UC-ImageApps-MakeupStyles/master/C2/TH/34.jpg,https://raw.githubusercontent.com/indpDB/UC-ImageApps-MakeupStyles/master/C2/HD/34.jpg,https://raw.githubusercontent.com/indpDB/UC-ImageApps-MakeupStyles/master/C3/TH/34.jpg,https://raw.githubusercontent.com/indpDB/UC-ImageApps-MakeupStyles/master/C2/HD/34.jpg,,,,,,,,,,,,,,,,,,,,,,
,,,https://raw.githubusercontent.com/indpDB/UC-ImageApps-MakeupStyles/master/C1/TH/35.jpg,https://raw.githubusercontent.com/indpDB/UC-ImageApps-MakeupStyles/master/C1/HD/35.jpg,https://raw.githubusercontent.com/indpDB/UC-ImageApps-MakeupStyles/master/C2/TH/35.jpg,https://raw.githubusercontent.com/indpDB/UC-ImageApps-MakeupStyles/master/C2/HD/35.jpg,https://raw.githubusercontent.com/indpDB/UC-ImageApps-MakeupStyles/master/C3/TH/35.jpg,https://raw.githubusercontent.com/indpDB/UC-ImageApps-MakeupStyles/master/C2/HD/35.jpg,,,,,,,,,,,,,,,,,,,,,,
,,,https://raw.githubusercontent.com/indpDB/UC-ImageApps-MakeupStyles/master/C1/TH/36.jpg,https://raw.githubusercontent.com/indpDB/UC-ImageApps-MakeupStyles/master/C1/HD/36.jpg,https://raw.githubusercontent.com/indpDB/UC-ImageApps-MakeupStyles/master/C2/TH/36.jpg,https://raw.githubusercontent.com/indpDB/UC-ImageApps-MakeupStyles/master/C2/HD/36.jpg,https://raw.githubusercontent.com/indpDB/UC-ImageApps-MakeupStyles/master/C3/TH/36.jpg,https://raw.githubusercontent.com/indpDB/UC-ImageApps-MakeupStyles/master/C2/HD/36.jpg,,,,,,,,,,,,,,,,,,,,,,
,,,https://raw.githubusercontent.com/indpDB/UC-ImageApps-MakeupStyles/master/C1/TH/37.jpg,https://raw.githubusercontent.com/indpDB/UC-ImageApps-MakeupStyles/master/C1/HD/37.jpg,https://raw.githubusercontent.com/indpDB/UC-ImageApps-MakeupStyles/master/C2/TH/37.jpg,https://raw.githubusercontent.com/indpDB/UC-ImageApps-MakeupStyles/master/C2/HD/37.jpg,https://raw.githubusercontent.com/indpDB/UC-ImageApps-MakeupStyles/master/C3/TH/37.jpg,https://raw.githubusercontent.com/indpDB/UC-ImageApps-MakeupStyles/master/C2/HD/37.jpg,,,,,,,,,,,,,,,,,,,,,,
,,,https://raw.githubusercontent.com/indpDB/UC-ImageApps-MakeupStyles/master/C1/TH/38.jpg,https://raw.githubusercontent.com/indpDB/UC-ImageApps-MakeupStyles/master/C1/HD/38.jpg,https://raw.githubusercontent.com/indpDB/UC-ImageApps-MakeupStyles/master/C2/TH/38.jpg,https://raw.githubusercontent.com/indpDB/UC-ImageApps-MakeupStyles/master/C2/HD/38.jpg,https://raw.githubusercontent.com/indpDB/UC-ImageApps-MakeupStyles/master/C3/TH/38.jpg,https://raw.githubusercontent.com/indpDB/UC-ImageApps-MakeupStyles/master/C2/HD/38.jpg,,,,,,,,,,,,,,,,,,,,,,
,,,https://raw.githubusercontent.com/indpDB/UC-ImageApps-MakeupStyles/master/C1/TH/39.jpg,https://raw.githubusercontent.com/indpDB/UC-ImageApps-MakeupStyles/master/C1/HD/39.jpg,https://raw.githubusercontent.com/indpDB/UC-ImageApps-MakeupStyles/master/C2/TH/39.jpg,https://raw.githubusercontent.com/indpDB/UC-ImageApps-MakeupStyles/master/C2/HD/39.jpg,https://raw.githubusercontent.com/indpDB/UC-ImageApps-MakeupStyles/master/C3/TH/39.jpg,https://raw.githubusercontent.com/indpDB/UC-ImageApps-MakeupStyles/master/C2/HD/39.jpg,,,,,,,,,,,,,,,,,,,,,,
,,,https://raw.githubusercontent.com/indpDB/UC-ImageApps-MakeupStyles/master/C1/TH/40.jpg,https://raw.githubusercontent.com/indpDB/UC-ImageApps-MakeupStyles/master/C1/HD/40.jpg,https://raw.githubusercontent.com/indpDB/UC-ImageApps-MakeupStyles/master/C2/TH/40.jpg,https://raw.githubusercontent.com/indpDB/UC-ImageApps-MakeupStyles/master/C2/HD/40.jpg,https://raw.githubusercontent.com/indpDB/UC-ImageApps-MakeupStyles/master/C3/TH/40.jpg,https://raw.githubusercontent.com/indpDB/UC-ImageApps-MakeupStyles/master/C2/HD/40.jpg,,,,,,,,,,,,,,,,,,,,,,
,,,https://raw.githubusercontent.com/indpDB/UC-ImageApps-MakeupStyles/master/C1/TH/41.jpg,https://raw.githubusercontent.com/indpDB/UC-ImageApps-MakeupStyles/master/C1/HD/41.jpg,https://raw.githubusercontent.com/indpDB/UC-ImageApps-MakeupStyles/master/C2/TH/41.jpg,https://raw.githubusercontent.com/indpDB/UC-ImageApps-MakeupStyles/master/C2/HD/41.jpg,https://raw.githubusercontent.com/indpDB/UC-ImageApps-MakeupStyles/master/C3/TH/41.jpg,https://raw.githubusercontent.com/indpDB/UC-ImageApps-MakeupStyles/master/C2/HD/41.jpg,,,,,,,,,,,,,,,,,,,,,,
,,,https://raw.githubusercontent.com/indpDB/UC-ImageApps-MakeupStyles/master/C1/TH/42.jpg,https://raw.githubusercontent.com/indpDB/UC-ImageApps-MakeupStyles/master/C1/HD/42.jpg,https://raw.githubusercontent.com/indpDB/UC-ImageApps-MakeupStyles/master/C2/TH/42.jpg,https://raw.githubusercontent.com/indpDB/UC-ImageApps-MakeupStyles/master/C2/HD/42.jpg,https://raw.githubusercontent.com/indpDB/UC-ImageApps-MakeupStyles/master/C3/TH/42.jpg,https://raw.githubusercontent.com/indpDB/UC-ImageApps-MakeupStyles/master/C2/HD/42.jpg,,,,,,,,,,,,,,,,,,,,,,
,,,https://raw.githubusercontent.com/indpDB/UC-ImageApps-MakeupStyles/master/C1/TH/43.jpg,https://raw.githubusercontent.com/indpDB/UC-ImageApps-MakeupStyles/master/C1/HD/43.jpg,https://raw.githubusercontent.com/indpDB/UC-ImageApps-MakeupStyles/master/C2/TH/43.jpg,https://raw.githubusercontent.com/indpDB/UC-ImageApps-MakeupStyles/master/C2/HD/43.jpg,https://raw.githubusercontent.com/indpDB/UC-ImageApps-MakeupStyles/master/C3/TH/43.jpg,https://raw.githubusercontent.com/indpDB/UC-ImageApps-MakeupStyles/master/C2/HD/43.jpg,,,,,,,,,,,,,,,,,,,,,,
,,,https://raw.githubusercontent.com/indpDB/UC-ImageApps-MakeupStyles/master/C1/TH/44.jpg,https://raw.githubusercontent.com/indpDB/UC-ImageApps-MakeupStyles/master/C1/HD/44.jpg,https://raw.githubusercontent.com/indpDB/UC-ImageApps-MakeupStyles/master/C2/TH/44.jpg,https://raw.githubusercontent.com/indpDB/UC-ImageApps-MakeupStyles/master/C2/HD/44.jpg,https://raw.githubusercontent.com/indpDB/UC-ImageApps-MakeupStyles/master/C3/TH/44.jpg,https://raw.githubusercontent.com/indpDB/UC-ImageApps-MakeupStyles/master/C2/HD/44.jpg,,,,,,,,,,,,,,,,,,,,,,
,,,https://raw.githubusercontent.com/indpDB/UC-ImageApps-MakeupStyles/master/C1/TH/45.jpg,https://raw.githubusercontent.com/indpDB/UC-ImageApps-MakeupStyles/master/C1/HD/45.jpg,https://raw.githubusercontent.com/indpDB/UC-ImageApps-MakeupStyles/master/C2/TH/45.jpg,https://raw.githubusercontent.com/indpDB/UC-ImageApps-MakeupStyles/master/C2/HD/45.jpg,https://raw.githubusercontent.com/indpDB/UC-ImageApps-MakeupStyles/master/C3/TH/45.jpg,https://raw.githubusercontent.com/indpDB/UC-ImageApps-MakeupStyles/master/C2/HD/45.jpg,,,,,,,,,,,,,,,,,,,,,,
,,,https://raw.githubusercontent.com/indpDB/UC-ImageApps-MakeupStyles/master/C1/TH/46.jpg,https://raw.githubusercontent.com/indpDB/UC-ImageApps-MakeupStyles/master/C1/HD/46.jpg,https://raw.githubusercontent.com/indpDB/UC-ImageApps-MakeupStyles/master/C2/TH/46.jpg,https://raw.githubusercontent.com/indpDB/UC-ImageApps-MakeupStyles/master/C2/HD/46.jpg,https://raw.githubusercontent.com/indpDB/UC-ImageApps-MakeupStyles/master/C3/TH/46.jpg,https://raw.githubusercontent.com/indpDB/UC-ImageApps-MakeupStyles/master/C2/HD/46.jpg,,,,,,,,,,,,,,,,,,,,,,
,,,https://raw.githubusercontent.com/indpDB/UC-ImageApps-MakeupStyles/master/C1/TH/47.jpg,https://raw.githubusercontent.com/indpDB/UC-ImageApps-MakeupStyles/master/C1/HD/47.jpg,https://raw.githubusercontent.com/indpDB/UC-ImageApps-MakeupStyles/master/C2/TH/47.jpg,https://raw.githubusercontent.com/indpDB/UC-ImageApps-MakeupStyles/master/C2/HD/47.jpg,https://raw.githubusercontent.com/indpDB/UC-ImageApps-MakeupStyles/master/C3/TH/47.jpg,https://raw.githubusercontent.com/indpDB/UC-ImageApps-MakeupStyles/master/C2/HD/47.jpg,,,,,,,,,,,,,,,,,,,,,,
,,,https://raw.githubusercontent.com/indpDB/UC-ImageApps-MakeupStyles/master/C1/TH/48.jpg,https://raw.githubusercontent.com/indpDB/UC-ImageApps-MakeupStyles/master/C1/HD/48.jpg,https://raw.githubusercontent.com/indpDB/UC-ImageApps-MakeupStyles/master/C2/TH/48.jpg,https://raw.githubusercontent.com/indpDB/UC-ImageApps-MakeupStyles/master/C2/HD/48.jpg,https://raw.githubusercontent.com/indpDB/UC-ImageApps-MakeupStyles/master/C3/TH/48.jpg,https://raw.githubusercontent.com/indpDB/UC-ImageApps-MakeupStyles/master/C2/HD/48.jpg,,,,,,,,,,,,,,,,,,,,,,
,,,https://raw.githubusercontent.com/indpDB/UC-ImageApps-MakeupStyles/master/C1/TH/49.jpg,https://raw.githubusercontent.com/indpDB/UC-ImageApps-MakeupStyles/master/C1/HD/49.jpg,https://raw.githubusercontent.com/indpDB/UC-ImageApps-MakeupStyles/master/C2/TH/49.jpg,https://raw.githubusercontent.com/indpDB/UC-ImageApps-MakeupStyles/master/C2/HD/49.jpg,https://raw.githubusercontent.com/indpDB/UC-ImageApps-MakeupStyles/master/C3/TH/49.jpg,https://raw.githubusercontent.com/indpDB/UC-ImageApps-MakeupStyles/master/C2/HD/49.jpg,,,,,,,,,,,,,,,,,,,,,,
,,,https://raw.githubusercontent.com/indpDB/UC-ImageApps-MakeupStyles/master/C1/TH/50.jpg,https://raw.githubusercontent.com/indpDB/UC-ImageApps-MakeupStyles/master/C1/HD/50.jpg,https://raw.githubusercontent.com/indpDB/UC-ImageApps-MakeupStyles/master/C2/TH/50.jpg,https://raw.githubusercontent.com/indpDB/UC-ImageApps-MakeupStyles/master/C2/HD/50.jpg,https://raw.githubusercontent.com/indpDB/UC-ImageApps-MakeupStyles/master/C3/TH/50.jpg,https://raw.githubusercontent.com/indpDB/UC-ImageApps-MakeupStyles/master/C2/HD/50.jpg,,,,,,,,,,,,,,,,,,,,,,
,,,https://raw.githubusercontent.com/indpDB/UC-ImageApps-MakeupStyles/master/C1/TH/51.jpg,https://raw.githubusercontent.com/indpDB/UC-ImageApps-MakeupStyles/master/C1/HD/51.jpg,https://raw.githubusercontent.com/indpDB/UC-ImageApps-MakeupStyles/master/C2/TH/51.jpg,https://raw.githubusercontent.com/indpDB/UC-ImageApps-MakeupStyles/master/C2/HD/51.jpg,https://raw.githubusercontent.com/indpDB/UC-ImageApps-MakeupStyles/master/C3/TH/51.jpg,https://raw.githubusercontent.com/indpDB/UC-ImageApps-MakeupStyles/master/C2/HD/51.jpg,,,,,,,,,,,,,,,,,,,,,,
,,,https://raw.githubusercontent.com/indpDB/UC-ImageApps-MakeupStyles/master/C1/TH/52.jpg,https://raw.githubusercontent.com/indpDB/UC-ImageApps-MakeupStyles/master/C1/HD/52.jpg,https://raw.githubusercontent.com/indpDB/UC-ImageApps-MakeupStyles/master/C2/TH/52.jpg,https://raw.githubusercontent.com/indpDB/UC-ImageApps-MakeupStyles/master/C2/HD/52.jpg,https://raw.githubusercontent.com/indpDB/UC-ImageApps-MakeupStyles/master/C3/TH/52.jpg,https://raw.githubusercontent.com/indpDB/UC-ImageApps-MakeupStyles/master/C2/HD/52.jpg,,,,,,,,,,,,,,,,,,,,,,
,,,https://raw.githubusercontent.com/indpDB/UC-ImageApps-MakeupStyles/master/C1/TH/53.jpg,https://raw.githubusercontent.com/indpDB/UC-ImageApps-MakeupStyles/master/C1/HD/53.jpg,https://raw.githubusercontent.com/indpDB/UC-ImageApps-MakeupStyles/master/C2/TH/53.jpg,https://raw.githubusercontent.com/indpDB/UC-ImageApps-MakeupStyles/master/C2/HD/53.jpg,https://raw.githubusercontent.com/indpDB/UC-ImageApps-MakeupStyles/master/C3/TH/53.jpg,https://raw.githubusercontent.com/indpDB/UC-ImageApps-MakeupStyles/master/C2/HD/53.jpg,,,,,,,,,,,,,,,,,,,,,,
,,,https://raw.githubusercontent.com/indpDB/UC-ImageApps-MakeupStyles/master/C1/TH/54.jpg,https://raw.githubusercontent.com/indpDB/UC-ImageApps-MakeupStyles/master/C1/HD/54.jpg,https://raw.githubusercontent.com/indpDB/UC-ImageApps-MakeupStyles/master/C2/TH/54.jpg,https://raw.githubusercontent.com/indpDB/UC-ImageApps-MakeupStyles/master/C2/HD/54.jpg,https://raw.githubusercontent.com/indpDB/UC-ImageApps-MakeupStyles/master/C3/TH/54.jpg,https://raw.githubusercontent.com/indpDB/UC-ImageApps-MakeupStyles/master/C2/HD/54.jpg,,,,,,,,,,,,,,,,,,,,,,
,,,https://raw.githubusercontent.com/indpDB/UC-ImageApps-MakeupStyles/master/C1/TH/55.jpg,https://raw.githubusercontent.com/indpDB/UC-ImageApps-MakeupStyles/master/C1/HD/55.jpg,https://raw.githubusercontent.com/indpDB/UC-ImageApps-MakeupStyles/master/C2/TH/55.jpg,https://raw.githubusercontent.com/indpDB/UC-ImageApps-MakeupStyles/master/C2/HD/55.jpg,https://raw.githubusercontent.com/indpDB/UC-ImageApps-MakeupStyles/master/C3/TH/55.jpg,https://raw.githubusercontent.com/indpDB/UC-ImageApps-MakeupStyles/master/C2/HD/55.jpg,,,,,,,,,,,,,,,,,,,,,,
,,,https://raw.githubusercontent.com/indpDB/UC-ImageApps-MakeupStyles/master/C1/TH/56.jpg,https://raw.githubusercontent.com/indpDB/UC-ImageApps-MakeupStyles/master/C1/HD/56.jpg,https://raw.githubusercontent.com/indpDB/UC-ImageApps-MakeupStyles/master/C2/TH/56.jpg,https://raw.githubusercontent.com/indpDB/UC-ImageApps-MakeupStyles/master/C2/HD/56.jpg,https://raw.githubusercontent.com/indpDB/UC-ImageApps-MakeupStyles/master/C3/TH/56.jpg,https://raw.githubusercontent.com/indpDB/UC-ImageApps-MakeupStyles/master/C2/HD/56.jpg,,,,,,,,,,,,,,,,,,,,,,
,,,https://raw.githubusercontent.com/indpDB/UC-ImageApps-MakeupStyles/master/C1/TH/57.jpg,https://raw.githubusercontent.com/indpDB/UC-ImageApps-MakeupStyles/master/C1/HD/57.jpg,https://raw.githubusercontent.com/indpDB/UC-ImageApps-MakeupStyles/master/C2/TH/57.jpg,https://raw.githubusercontent.com/indpDB/UC-ImageApps-MakeupStyles/master/C2/HD/57.jpg,https://raw.githubusercontent.com/indpDB/UC-ImageApps-MakeupStyles/master/C3/TH/57.jpg,https://raw.githubusercontent.com/indpDB/UC-ImageApps-MakeupStyles/master/C2/HD/57.jpg,,,,,,,,,,,,,,,,,,,,,,
,,,https://raw.githubusercontent.com/indpDB/UC-ImageApps-MakeupStyles/master/C1/TH/58.jpg,https://raw.githubusercontent.com/indpDB/UC-ImageApps-MakeupStyles/master/C1/HD/58.jpg,https://raw.githubusercontent.com/indpDB/UC-ImageApps-MakeupStyles/master/C2/TH/58.jpg,https://raw.githubusercontent.com/indpDB/UC-ImageApps-MakeupStyles/master/C2/HD/58.jpg,https://raw.githubusercontent.com/indpDB/UC-ImageApps-MakeupStyles/master/C3/TH/58.jpg,https://raw.githubusercontent.com/indpDB/UC-ImageApps-MakeupStyles/master/C2/HD/58.jpg,,,,,,,,,,,,,,,,,,,,,,
,,,https://raw.githubusercontent.com/indpDB/UC-ImageApps-MakeupStyles/master/C1/TH/59.jpg,https://raw.githubusercontent.com/indpDB/UC-ImageApps-MakeupStyles/master/C1/HD/59.jpg,https://raw.githubusercontent.com/indpDB/UC-ImageApps-MakeupStyles/master/C2/TH/59.jpg,https://raw.githubusercontent.com/indpDB/UC-ImageApps-MakeupStyles/master/C2/HD/59.jpg,https://raw.githubusercontent.com/indpDB/UC-ImageApps-MakeupStyles/master/C3/TH/59.jpg,https://raw.githubusercontent.com/indpDB/UC-ImageApps-MakeupStyles/master/C2/HD/59.jpg,,,,,,,,,,,,,,,,,,,,,,
,,,https://raw.githubusercontent.com/indpDB/UC-ImageApps-MakeupStyles/master/C1/TH/60.jpg,https://raw.githubusercontent.com/indpDB/UC-ImageApps-MakeupStyles/master/C1/HD/60.jpg,https://raw.githubusercontent.com/indpDB/UC-ImageApps-MakeupStyles/master/C2/TH/60.jpg,https://raw.githubusercontent.com/indpDB/UC-ImageApps-MakeupStyles/master/C2/HD/60.jpg,https://raw.githubusercontent.com/indpDB/UC-ImageApps-MakeupStyles/master/C3/TH/60.jpg,https://raw.githubusercontent.com/indpDB/UC-ImageApps-MakeupStyles/master/C2/HD/60.jpg,,,,,,,,,,,,,,,,,,,,,,
,,,https://raw.githubusercontent.com/indpDB/UC-ImageApps-MakeupStyles/master/C1/TH/61.jpg,https://raw.githubusercontent.com/indpDB/UC-ImageApps-MakeupStyles/master/C1/HD/61.jpg,https://raw.githubusercontent.com/indpDB/UC-ImageApps-MakeupStyles/master/C2/TH/61.jpg,https://raw.githubusercontent.com/indpDB/UC-ImageApps-MakeupStyles/master/C2/HD/61.jpg,https://raw.githubusercontent.com/indpDB/UC-ImageApps-MakeupStyles/master/C3/TH/61.jpg,https://raw.githubusercontent.com/indpDB/UC-ImageApps-MakeupStyles/master/C2/HD/61.jpg,,,,,,,,,,,,,,,,,,,,,,
,,,https://raw.githubusercontent.com/indpDB/UC-ImageApps-MakeupStyles/master/C1/TH/62.jpg,https://raw.githubusercontent.com/indpDB/UC-ImageApps-MakeupStyles/master/C1/HD/62.jpg,https://raw.githubusercontent.com/indpDB/UC-ImageApps-MakeupStyles/master/C2/TH/62.jpg,https://raw.githubusercontent.com/indpDB/UC-ImageApps-MakeupStyles/master/C2/HD/62.jpg,https://raw.githubusercontent.com/indpDB/UC-ImageApps-MakeupStyles/master/C3/TH/62.jpg,https://raw.githubusercontent.com/indpDB/UC-ImageApps-MakeupStyles/master/C2/HD/62.jpg,,,,,,,,,,,,,,,,,,,,,,
,,,https://raw.githubusercontent.com/indpDB/UC-ImageApps-MakeupStyles/master/C1/TH/63.jpg,https://raw.githubusercontent.com/indpDB/UC-ImageApps-MakeupStyles/master/C1/HD/63.jpg,https://raw.githubusercontent.com/indpDB/UC-ImageApps-MakeupStyles/master/C2/TH/63.jpg,https://raw.githubusercontent.com/indpDB/UC-ImageApps-MakeupStyles/master/C2/HD/63.jpg,https://raw.githubusercontent.com/indpDB/UC-ImageApps-MakeupStyles/master/C3/TH/63.jpg,https://raw.githubusercontent.com/indpDB/UC-ImageApps-MakeupStyles/master/C2/HD/63.jpg,,,,,,,,,,,,,,,,,,,,,,
,,,https://raw.githubusercontent.com/indpDB/UC-ImageApps-MakeupStyles/master/C1/TH/64.jpg,https://raw.githubusercontent.com/indpDB/UC-ImageApps-MakeupStyles/master/C1/HD/64.jpg,https://raw.githubusercontent.com/indpDB/UC-ImageApps-MakeupStyles/master/C2/TH/64.jpg,https://raw.githubusercontent.com/indpDB/UC-ImageApps-MakeupStyles/master/C2/HD/64.jpg,https://raw.githubusercontent.com/indpDB/UC-ImageApps-MakeupStyles/master/C3/TH/64.jpg,https://raw.githubusercontent.com/indpDB/UC-ImageApps-MakeupStyles/master/C2/HD/64.jpg,,,,,,,,,,,,,,,,,,,,,,
,,,https://raw.githubusercontent.com/indpDB/UC-ImageApps-MakeupStyles/master/C1/TH/65.jpg,https://raw.githubusercontent.com/indpDB/UC-ImageApps-MakeupStyles/master/C1/HD/65.jpg,https://raw.githubusercontent.com/indpDB/UC-ImageApps-MakeupStyles/master/C2/TH/65.jpg,https://raw.githubusercontent.com/indpDB/UC-ImageApps-MakeupStyles/master/C2/HD/65.jpg,https://raw.githubusercontent.com/indpDB/UC-ImageApps-MakeupStyles/master/C3/TH/65.jpg,https://raw.githubusercontent.com/indpDB/UC-ImageApps-MakeupStyles/master/C2/HD/65.jpg,,,,,,,,,,,,,,,,,,,,,,
,,,https://raw.githubusercontent.com/indpDB/UC-ImageApps-MakeupStyles/master/C1/TH/66.jpg,https://raw.githubusercontent.com/indpDB/UC-ImageApps-MakeupStyles/master/C1/HD/66.jpg,https://raw.githubusercontent.com/indpDB/UC-ImageApps-MakeupStyles/master/C2/TH/66.jpg,https://raw.githubusercontent.com/indpDB/UC-ImageApps-MakeupStyles/master/C2/HD/66.jpg,https://raw.githubusercontent.com/indpDB/UC-ImageApps-MakeupStyles/master/C3/TH/66.jpg,https://raw.githubusercontent.com/indpDB/UC-ImageApps-MakeupStyles/master/C2/HD/66.jpg,,,,,,,,,,,,,,,,,,,,,,
,,,https://raw.githubusercontent.com/indpDB/UC-ImageApps-MakeupStyles/master/C1/TH/67.jpg,https://raw.githubusercontent.com/indpDB/UC-ImageApps-MakeupStyles/master/C1/HD/67.jpg,https://raw.githubusercontent.com/indpDB/UC-ImageApps-MakeupStyles/master/C2/TH/67.jpg,https://raw.githubusercontent.com/indpDB/UC-ImageApps-MakeupStyles/master/C2/HD/67.jpg,https://raw.githubusercontent.com/indpDB/UC-ImageApps-MakeupStyles/master/C3/TH/67.jpg,https://raw.githubusercontent.com/indpDB/UC-ImageApps-MakeupStyles/master/C2/HD/67.jpg,,,,,,,,,,,,,,,,,,,,,,
,,,https://raw.githubusercontent.com/indpDB/UC-ImageApps-MakeupStyles/master/C1/TH/68.jpg,https://raw.githubusercontent.com/indpDB/UC-ImageApps-MakeupStyles/master/C1/HD/68.jpg,https://raw.githubusercontent.com/indpDB/UC-ImageApps-MakeupStyles/master/C2/TH/68.jpg,https://raw.githubusercontent.com/indpDB/UC-ImageApps-MakeupStyles/master/C2/HD/68.jpg,https://raw.githubusercontent.com/indpDB/UC-ImageApps-MakeupStyles/master/C3/TH/68.jpg,https://raw.githubusercontent.com/indpDB/UC-ImageApps-MakeupStyles/master/C2/HD/68.jpg,,,,,,,,,,,,,,,,,,,,,,
,,,https://raw.githubusercontent.com/indpDB/UC-ImageApps-MakeupStyles/master/C1/TH/69.jpg,https://raw.githubusercontent.com/indpDB/UC-ImageApps-MakeupStyles/master/C1/HD/69.jpg,https://raw.githubusercontent.com/indpDB/UC-ImageApps-MakeupStyles/master/C2/TH/69.jpg,https://raw.githubusercontent.com/indpDB/UC-ImageApps-MakeupStyles/master/C2/HD/69.jpg,https://raw.githubusercontent.com/indpDB/UC-ImageApps-MakeupStyles/master/C3/TH/69.jpg,https://raw.githubusercontent.com/indpDB/UC-ImageApps-MakeupStyles/master/C2/HD/69.jpg,,,,,,,,,,,,,,,,,,,,,,
,,,https://raw.githubusercontent.com/indpDB/UC-ImageApps-MakeupStyles/master/C1/TH/70.jpg,https://raw.githubusercontent.com/indpDB/UC-ImageApps-MakeupStyles/master/C1/HD/70.jpg,https://raw.githubusercontent.com/indpDB/UC-ImageApps-MakeupStyles/master/C2/TH/70.jpg,https://raw.githubusercontent.com/indpDB/UC-ImageApps-MakeupStyles/master/C2/HD/70.jpg,https://raw.githubusercontent.com/indpDB/UC-ImageApps-MakeupStyles/master/C3/TH/70.jpg,https://raw.githubusercontent.com/indpDB/UC-ImageApps-MakeupStyles/master/C2/HD/70.jpg,,,,,,,,,,,,,,,,,,,,,,
,,,https://raw.githubusercontent.com/indpDB/UC-ImageApps-MakeupStyles/master/C1/TH/71.jpg,https://raw.githubusercontent.com/indpDB/UC-ImageApps-MakeupStyles/master/C1/HD/71.jpg,https://raw.githubusercontent.com/indpDB/UC-ImageApps-MakeupStyles/master/C2/TH/71.jpg,https://raw.githubusercontent.com/indpDB/UC-ImageApps-MakeupStyles/master/C2/HD/71.jpg,https://raw.githubusercontent.com/indpDB/UC-ImageApps-MakeupStyles/master/C3/TH/71.jpg,https://raw.githubusercontent.com/indpDB/UC-ImageApps-MakeupStyles/master/C2/HD/71.jpg,,,,,,,,,,,,,,,,,,,,,,
,,,https://raw.githubusercontent.com/indpDB/UC-ImageApps-MakeupStyles/master/C1/TH/72.jpg,https://raw.githubusercontent.com/indpDB/UC-ImageApps-MakeupStyles/master/C1/HD/72.jpg,https://raw.githubusercontent.com/indpDB/UC-ImageApps-MakeupStyles/master/C2/TH/72.jpg,https://raw.githubusercontent.com/indpDB/UC-ImageApps-MakeupStyles/master/C2/HD/72.jpg,https://raw.githubusercontent.com/indpDB/UC-ImageApps-MakeupStyles/master/C3/TH/72.jpg,https://raw.githubusercontent.com/indpDB/UC-ImageApps-MakeupStyles/master/C2/HD/72.jpg,,,,,,,,,,,,,,,,,,,,,,
,,,https://raw.githubusercontent.com/indpDB/UC-ImageApps-MakeupStyles/master/C1/TH/73.jpg,https://raw.githubusercontent.com/indpDB/UC-ImageApps-MakeupStyles/master/C1/HD/73.jpg,https://raw.githubusercontent.com/indpDB/UC-ImageApps-MakeupStyles/master/C2/TH/73.jpg,https://raw.githubusercontent.com/indpDB/UC-ImageApps-MakeupStyles/master/C2/HD/73.jpg,https://raw.githubusercontent.com/indpDB/UC-ImageApps-MakeupStyles/master/C3/TH/73.jpg,https://raw.githubusercontent.com/indpDB/UC-ImageApps-MakeupStyles/master/C2/HD/73.jpg,,,,,,,,,,,,,,,,,,,,,,
,,,https://raw.githubusercontent.com/indpDB/UC-ImageApps-MakeupStyles/master/C1/TH/74.jpg,https://raw.githubusercontent.com/indpDB/UC-ImageApps-MakeupStyles/master/C1/HD/74.jpg,https://raw.githubusercontent.com/indpDB/UC-ImageApps-MakeupStyles/master/C2/TH/74.jpg,https://raw.githubusercontent.com/indpDB/UC-ImageApps-MakeupStyles/master/C2/HD/74.jpg,https://raw.githubusercontent.com/indpDB/UC-ImageApps-MakeupStyles/master/C3/TH/74.jpg,https://raw.githubusercontent.com/indpDB/UC-ImageApps-MakeupStyles/master/C2/HD/74.jpg,,,,,,,,,,,,,,,,,,,,,,
,,,https://raw.githubusercontent.com/indpDB/UC-ImageApps-MakeupStyles/master/C1/TH/75.jpg,https://raw.githubusercontent.com/indpDB/UC-ImageApps-MakeupStyles/master/C1/HD/75.jpg,https://raw.githubusercontent.com/indpDB/UC-ImageApps-MakeupStyles/master/C2/TH/75.jpg,https://raw.githubusercontent.com/indpDB/UC-ImageApps-MakeupStyles/master/C2/HD/75.jpg,https://raw.githubusercontent.com/indpDB/UC-ImageApps-MakeupStyles/master/C3/TH/75.jpg,https://raw.githubusercontent.com/indpDB/UC-ImageApps-MakeupStyles/master/C2/HD/75.jpg,,,,,,,,,,,,,,,,,,,,,,
,,,https://raw.githubusercontent.com/indpDB/UC-ImageApps-MakeupStyles/master/C1/TH/76.jpg,https://raw.githubusercontent.com/indpDB/UC-ImageApps-MakeupStyles/master/C1/HD/76.jpg,https://raw.githubusercontent.com/indpDB/UC-ImageApps-MakeupStyles/master/C2/TH/76.jpg,https://raw.githubusercontent.com/indpDB/UC-ImageApps-MakeupStyles/master/C2/HD/76.jpg,https://raw.githubusercontent.com/indpDB/UC-ImageApps-MakeupStyles/master/C3/TH/76.jpg,https://raw.githubusercontent.com/indpDB/UC-ImageApps-MakeupStyles/master/C2/HD/76.jpg,,,,,,,,,,,,,,,,,,,,,,
,,,https://raw.githubusercontent.com/indpDB/UC-ImageApps-MakeupStyles/master/C1/TH/77.jpg,https://raw.githubusercontent.com/indpDB/UC-ImageApps-MakeupStyles/master/C1/HD/77.jpg,https://raw.githubusercontent.com/indpDB/UC-ImageApps-MakeupStyles/master/C2/TH/77.jpg,https://raw.githubusercontent.com/indpDB/UC-ImageApps-MakeupStyles/master/C2/HD/77.jpg,https://raw.githubusercontent.com/indpDB/UC-ImageApps-MakeupStyles/master/C3/TH/77.jpg,https://raw.githubusercontent.com/indpDB/UC-ImageApps-MakeupStyles/master/C2/HD/77.jpg,,,,,,,,,,,,,,,,,,,,,,
,,,https://raw.githubusercontent.com/indpDB/UC-ImageApps-MakeupStyles/master/C1/TH/78.jpg,https://raw.githubusercontent.com/indpDB/UC-ImageApps-MakeupStyles/master/C1/HD/78.jpg,https://raw.githubusercontent.com/indpDB/UC-ImageApps-MakeupStyles/master/C2/TH/78.jpg,https://raw.githubusercontent.com/indpDB/UC-ImageApps-MakeupStyles/master/C2/HD/78.jpg,https://raw.githubusercontent.com/indpDB/UC-ImageApps-MakeupStyles/master/C3/TH/78.jpg,https://raw.githubusercontent.com/indpDB/UC-ImageApps-MakeupStyles/master/C2/HD/78.jpg,,,,,,,,,,,,,,,,,,,,,,
,,,https://raw.githubusercontent.com/indpDB/UC-ImageApps-MakeupStyles/master/C1/TH/79.jpg,https://raw.githubusercontent.com/indpDB/UC-ImageApps-MakeupStyles/master/C1/HD/79.jpg,https://raw.githubusercontent.com/indpDB/UC-ImageApps-MakeupStyles/master/C2/TH/79.jpg,https://raw.githubusercontent.com/indpDB/UC-ImageApps-MakeupStyles/master/C2/HD/79.jpg,https://raw.githubusercontent.com/indpDB/UC-ImageApps-MakeupStyles/master/C3/TH/79.jpg,https://raw.githubusercontent.com/indpDB/UC-ImageApps-MakeupStyles/master/C2/HD/79.jpg,,,,,,,,,,,,,,,,,,,,,,
,,,https://raw.githubusercontent.com/indpDB/UC-ImageApps-MakeupStyles/master/C1/TH/80.jpg,https://raw.githubusercontent.com/indpDB/UC-ImageApps-MakeupStyles/master/C1/HD/80.jpg,https://raw.githubusercontent.com/indpDB/UC-ImageApps-MakeupStyles/master/C2/TH/80.jpg,https://raw.githubusercontent.com/indpDB/UC-ImageApps-MakeupStyles/master/C2/HD/80.jpg,https://raw.githubusercontent.com/indpDB/UC-ImageApps-MakeupStyles/master/C3/TH/80.jpg,https://raw.githubusercontent.com/indpDB/UC-ImageApps-MakeupStyles/master/C2/HD/80.jpg,,,,,,,,,,,,,,,,,,,,,,
,,,https://raw.githubusercontent.com/indpDB/UC-ImageApps-MakeupStyles/master/C1/TH/81.jpg,https://raw.githubusercontent.com/indpDB/UC-ImageApps-MakeupStyles/master/C1/HD/81.jpg,https://raw.githubusercontent.com/indpDB/UC-ImageApps-MakeupStyles/master/C2/TH/81.jpg,https://raw.githubusercontent.com/indpDB/UC-ImageApps-MakeupStyles/master/C2/HD/81.jpg,https://raw.githubusercontent.com/indpDB/UC-ImageApps-MakeupStyles/master/C3/TH/81.jpg,https://raw.githubusercontent.com/indpDB/UC-ImageApps-MakeupStyles/master/C2/HD/81.jpg,,,,,,,,,,,,,,,,,,,,,,
,,,https://raw.githubusercontent.com/indpDB/UC-ImageApps-MakeupStyles/master/C1/TH/82.jpg,https://raw.githubusercontent.com/indpDB/UC-ImageApps-MakeupStyles/master/C1/HD/82.jpg,https://raw.githubusercontent.com/indpDB/UC-ImageApps-MakeupStyles/master/C2/TH/82.jpg,https://raw.githubusercontent.com/indpDB/UC-ImageApps-MakeupStyles/master/C2/HD/82.jpg,https://raw.githubusercontent.com/indpDB/UC-ImageApps-MakeupStyles/master/C3/TH/82.jpg,https://raw.githubusercontent.com/indpDB/UC-ImageApps-MakeupStyles/master/C2/HD/82.jpg,,,,,,,,,,,,,,,,,,,,,,
,,,https://raw.githubusercontent.com/indpDB/UC-ImageApps-MakeupStyles/master/C1/TH/83.jpg,https://raw.githubusercontent.com/indpDB/UC-ImageApps-MakeupStyles/master/C1/HD/83.jpg,https://raw.githubusercontent.com/indpDB/UC-ImageApps-MakeupStyles/master/C2/TH/83.jpg,https://raw.githubusercontent.com/indpDB/UC-ImageApps-MakeupStyles/master/C2/HD/83.jpg,https://raw.githubusercontent.com/indpDB/UC-ImageApps-MakeupStyles/master/C3/TH/83.jpg,https://raw.githubusercontent.com/indpDB/UC-ImageApps-MakeupStyles/master/C2/HD/83.jpg,,,,,,,,,,,,,,,,,,,,,,
,,,https://raw.githubusercontent.com/indpDB/UC-ImageApps-MakeupStyles/master/C1/TH/84.jpg,https://raw.githubusercontent.com/indpDB/UC-ImageApps-MakeupStyles/master/C1/HD/84.jpg,https://raw.githubusercontent.com/indpDB/UC-ImageApps-MakeupStyles/master/C2/TH/84.jpg,https://raw.githubusercontent.com/indpDB/UC-ImageApps-MakeupStyles/master/C2/HD/84.jpg,https://raw.githubusercontent.com/indpDB/UC-ImageApps-MakeupStyles/master/C3/TH/84.jpg,https://raw.githubusercontent.com/indpDB/UC-ImageApps-MakeupStyles/master/C2/HD/84.jpg,,,,,,,,,,,,,,,,,,,,,,
,,,https://raw.githubusercontent.com/indpDB/UC-ImageApps-MakeupStyles/master/C1/TH/85.jpg,https://raw.githubusercontent.com/indpDB/UC-ImageApps-MakeupStyles/master/C1/HD/85.jpg,https://raw.githubusercontent.com/indpDB/UC-ImageApps-MakeupStyles/master/C2/TH/85.jpg,https://raw.githubusercontent.com/indpDB/UC-ImageApps-MakeupStyles/master/C2/HD/85.jpg,https://raw.githubusercontent.com/indpDB/UC-ImageApps-MakeupStyles/master/C3/TH/85.jpg,https://raw.githubusercontent.com/indpDB/UC-ImageApps-MakeupStyles/master/C2/HD/85.jpg,,,,,,,,,,,,,,,,,,,,,,
,,,https://raw.githubusercontent.com/indpDB/UC-ImageApps-MakeupStyles/master/C1/TH/86.jpg,https://raw.githubusercontent.com/indpDB/UC-ImageApps-MakeupStyles/master/C1/HD/86.jpg,https://raw.githubusercontent.com/indpDB/UC-ImageApps-MakeupStyles/master/C2/TH/86.jpg,https://raw.githubusercontent.com/indpDB/UC-ImageApps-MakeupStyles/master/C2/HD/86.jpg,https://raw.githubusercontent.com/indpDB/UC-ImageApps-MakeupStyles/master/C3/TH/86.jpg,https://raw.githubusercontent.com/indpDB/UC-ImageApps-MakeupStyles/master/C2/HD/86.jpg,,,,,,,,,,,,,,,,,,,,,,
,,,https://raw.githubusercontent.com/indpDB/UC-ImageApps-MakeupStyles/master/C1/TH/87.jpg,https://raw.githubusercontent.com/indpDB/UC-ImageApps-MakeupStyles/master/C1/HD/87.jpg,https://raw.githubusercontent.com/indpDB/UC-ImageApps-MakeupStyles/master/C2/TH/87.jpg,https://raw.githubusercontent.com/indpDB/UC-ImageApps-MakeupStyles/master/C2/HD/87.jpg,https://raw.githubusercontent.com/indpDB/UC-ImageApps-MakeupStyles/master/C3/TH/87.jpg,https://raw.githubusercontent.com/indpDB/UC-ImageApps-MakeupStyles/master/C2/HD/87.jpg,,,,,,,,,,,,,,,,,,,,,,
,,,https://raw.githubusercontent.com/indpDB/UC-ImageApps-MakeupStyles/master/C1/TH/88.jpg,https://raw.githubusercontent.com/indpDB/UC-ImageApps-MakeupStyles/master/C1/HD/88.jpg,https://raw.githubusercontent.com/indpDB/UC-ImageApps-MakeupStyles/master/C2/TH/88.jpg,https://raw.githubusercontent.com/indpDB/UC-ImageApps-MakeupStyles/master/C2/HD/88.jpg,https://raw.githubusercontent.com/indpDB/UC-ImageApps-MakeupStyles/master/C3/TH/88.jpg,https://raw.githubusercontent.com/indpDB/UC-ImageApps-MakeupStyles/master/C2/HD/88.jpg,,,,,,,,,,,,,,,,,,,,,,
,,,https://raw.githubusercontent.com/indpDB/UC-ImageApps-MakeupStyles/master/C1/TH/89.jpg,https://raw.githubusercontent.com/indpDB/UC-ImageApps-MakeupStyles/master/C1/HD/89.jpg,https://raw.githubusercontent.com/indpDB/UC-ImageApps-MakeupStyles/master/C2/TH/89.jpg,https://raw.githubusercontent.com/indpDB/UC-ImageApps-MakeupStyles/master/C2/HD/89.jpg,https://raw.githubusercontent.com/indpDB/UC-ImageApps-MakeupStyles/master/C3/TH/89.jpg,https://raw.githubusercontent.com/indpDB/UC-ImageApps-MakeupStyles/master/C2/HD/89.jpg,,,,,,,,,,,,,,,,,,,,,,
,,,https://raw.githubusercontent.com/indpDB/UC-ImageApps-MakeupStyles/master/C1/TH/90.jpg,https://raw.githubusercontent.com/indpDB/UC-ImageApps-MakeupStyles/master/C1/HD/90.jpg,https://raw.githubusercontent.com/indpDB/UC-ImageApps-MakeupStyles/master/C2/TH/90.jpg,https://raw.githubusercontent.com/indpDB/UC-ImageApps-MakeupStyles/master/C2/HD/90.jpg,https://raw.githubusercontent.com/indpDB/UC-ImageApps-MakeupStyles/master/C3/TH/90.jpg,https://raw.githubusercontent.com/indpDB/UC-ImageApps-MakeupStyles/master/C2/HD/90.jpg,,,,,,,,,,,,,,,,,,,,,,
,,,https://raw.githubusercontent.com/indpDB/UC-ImageApps-MakeupStyles/master/C1/TH/91.jpg,https://raw.githubusercontent.com/indpDB/UC-ImageApps-MakeupStyles/master/C1/HD/91.jpg,https://raw.githubusercontent.com/indpDB/UC-ImageApps-MakeupStyles/master/C2/TH/91.jpg,https://raw.githubusercontent.com/indpDB/UC-ImageApps-MakeupStyles/master/C2/HD/91.jpg,https://raw.githubusercontent.com/indpDB/UC-ImageApps-MakeupStyles/master/C3/TH/91.jpg,https://raw.githubusercontent.com/indpDB/UC-ImageApps-MakeupStyles/master/C2/HD/91.jpg,,,,,,,,,,,,,,,,,,,,,,
,,,https://raw.githubusercontent.com/indpDB/UC-ImageApps-MakeupStyles/master/C1/TH/92.jpg,https://raw.githubusercontent.com/indpDB/UC-ImageApps-MakeupStyles/master/C1/HD/92.jpg,https://raw.githubusercontent.com/indpDB/UC-ImageApps-MakeupStyles/master/C2/TH/92.jpg,https://raw.githubusercontent.com/indpDB/UC-ImageApps-MakeupStyles/master/C2/HD/92.jpg,https://raw.githubusercontent.com/indpDB/UC-ImageApps-MakeupStyles/master/C3/TH/92.jpg,https://raw.githubusercontent.com/indpDB/UC-ImageApps-MakeupStyles/master/C2/HD/92.jpg,,,,,,,,,,,,,,,,,,,,,,
,,,https://raw.githubusercontent.com/indpDB/UC-ImageApps-MakeupStyles/master/C1/TH/93.jpg,https://raw.githubusercontent.com/indpDB/UC-ImageApps-MakeupStyles/master/C1/HD/93.jpg,https://raw.githubusercontent.com/indpDB/UC-ImageApps-MakeupStyles/master/C2/TH/93.jpg,https://raw.githubusercontent.com/indpDB/UC-ImageApps-MakeupStyles/master/C2/HD/93.jpg,https://raw.githubusercontent.com/indpDB/UC-ImageApps-MakeupStyles/master/C3/TH/93.jpg,https://raw.githubusercontent.com/indpDB/UC-ImageApps-MakeupStyles/master/C2/HD/93.jpg,,,,,,,,,,,,,,,,,,,,,,
,,,https://raw.githubusercontent.com/indpDB/UC-ImageApps-MakeupStyles/master/C1/TH/94.jpg,https://raw.githubusercontent.com/indpDB/UC-ImageApps-MakeupStyles/master/C1/HD/94.jpg,https://raw.githubusercontent.com/indpDB/UC-ImageApps-MakeupStyles/master/C2/TH/94.jpg,https://raw.githubusercontent.com/indpDB/UC-ImageApps-MakeupStyles/master/C2/HD/94.jpg,https://raw.githubusercontent.com/indpDB/UC-ImageApps-MakeupStyles/master/C3/TH/94.jpg,https://raw.githubusercontent.com/indpDB/UC-ImageApps-MakeupStyles/master/C2/HD/94.jpg,,,,,,,,,,,,,,,,,,,,,,
,,,https://raw.githubusercontent.com/indpDB/UC-ImageApps-MakeupStyles/master/C1/TH/95.jpg,https://raw.githubusercontent.com/indpDB/UC-ImageApps-MakeupStyles/master/C1/HD/95.jpg,https://raw.githubusercontent.com/indpDB/UC-ImageApps-MakeupStyles/master/C2/TH/95.jpg,https://raw.githubusercontent.com/indpDB/UC-ImageApps-MakeupStyles/master/C2/HD/95.jpg,https://raw.githubusercontent.com/indpDB/UC-ImageApps-MakeupStyles/master/C3/TH/95.jpg,https://raw.githubusercontent.com/indpDB/UC-ImageApps-MakeupStyles/master/C2/HD/95.jpg,,,,,,,,,,,,,,,,,,,,,,
,,,https://raw.githubusercontent.com/indpDB/UC-ImageApps-MakeupStyles/master/C1/TH/96.jpg,https://raw.githubusercontent.com/indpDB/UC-ImageApps-MakeupStyles/master/C1/HD/96.jpg,https://raw.githubusercontent.com/indpDB/UC-ImageApps-MakeupStyles/master/C2/TH/96.jpg,https://raw.githubusercontent.com/indpDB/UC-ImageApps-MakeupStyles/master/C2/HD/96.jpg,https://raw.githubusercontent.com/indpDB/UC-ImageApps-MakeupStyles/master/C3/TH/96.jpg,https://raw.githubusercontent.com/indpDB/UC-ImageApps-MakeupStyles/master/C2/HD/96.jpg,,,,,,,,,,,,,,,,,,,,,,
,,,https://raw.githubusercontent.com/indpDB/UC-ImageApps-MakeupStyles/master/C1/TH/97.jpg,https://raw.githubusercontent.com/indpDB/UC-ImageApps-MakeupStyles/master/C1/HD/97.jpg,https://raw.githubusercontent.com/indpDB/UC-ImageApps-MakeupStyles/master/C2/TH/97.jpg,https://raw.githubusercontent.com/indpDB/UC-ImageApps-MakeupStyles/master/C2/HD/97.jpg,https://raw.githubusercontent.com/indpDB/UC-ImageApps-MakeupStyles/master/C3/TH/97.jpg,https://raw.githubusercontent.com/indpDB/UC-ImageApps-MakeupStyles/master/C2/HD/97.jpg,,,,,,,,,,,,,,,,,,,,,,
,,,https://raw.githubusercontent.com/indpDB/UC-ImageApps-MakeupStyles/master/C1/TH/98.jpg,https://raw.githubusercontent.com/indpDB/UC-ImageApps-MakeupStyles/master/C1/HD/98.jpg,https://raw.githubusercontent.com/indpDB/UC-ImageApps-MakeupStyles/master/C2/TH/98.jpg,https://raw.githubusercontent.com/indpDB/UC-ImageApps-MakeupStyles/master/C2/HD/98.jpg,https://raw.githubusercontent.com/indpDB/UC-ImageApps-MakeupStyles/master/C3/TH/98.jpg,https://raw.githubusercontent.com/indpDB/UC-ImageApps-MakeupStyles/master/C2/HD/98.jpg,,,,,,,,,,,,,,,,,,,,,,
,,,https://raw.githubusercontent.com/indpDB/UC-ImageApps-MakeupStyles/master/C1/TH/99.jpg,https://raw.githubusercontent.com/indpDB/UC-ImageApps-MakeupStyles/master/C1/HD/99.jpg,https://raw.githubusercontent.com/indpDB/UC-ImageApps-MakeupStyles/master/C2/TH/99.jpg,https://raw.githubusercontent.com/indpDB/UC-ImageApps-MakeupStyles/master/C2/HD/99.jpg,https://raw.githubusercontent.com/indpDB/UC-ImageApps-MakeupStyles/master/C3/TH/99.jpg,https://raw.githubusercontent.com/indpDB/UC-ImageApps-MakeupStyles/master/C2/HD/99.jpg,,,,,,,,,,,,,,,,,,,,,,
,,,https://raw.githubusercontent.com/indpDB/UC-ImageApps-MakeupStyles/master/C1/TH/100.jpg,https://raw.githubusercontent.com/indpDB/UC-ImageApps-MakeupStyles/master/C1/HD/100.jpg,https://raw.githubusercontent.com/indpDB/UC-ImageApps-MakeupStyles/master/C2/TH/100.jpg,https://raw.githubusercontent.com/indpDB/UC-ImageApps-MakeupStyles/master/C2/HD/100.jpg,https://raw.githubusercontent.com/indpDB/UC-ImageApps-MakeupStyles/master/C3/TH/100.jpg,https://raw.githubusercontent.com/indpDB/UC-ImageApps-MakeupStyles/master/C2/HD/100.jpg,,,,,,,,,,,,,,,,,,,,,,
,,,https://raw.githubusercontent.com/indpDB/UC-ImageApps-MakeupStyles/master/C1/TH/101.jpg,https://raw.githubusercontent.com/indpDB/UC-ImageApps-MakeupStyles/master/C1/HD/101.jpg,https://raw.githubusercontent.com/indpDB/UC-ImageApps-MakeupStyles/master/C2/TH/101.jpg,https://raw.githubusercontent.com/indpDB/UC-ImageApps-MakeupStyles/master/C2/HD/101.jpg,https://raw.githubusercontent.com/indpDB/UC-ImageApps-MakeupStyles/master/C3/TH/101.jpg,https://raw.githubusercontent.com/indpDB/UC-ImageApps-MakeupStyles/master/C2/HD/101.jpg,,,,,,,,,,,,,,,,,,,,,,
,,,https://raw.githubusercontent.com/indpDB/UC-ImageApps-MakeupStyles/master/C1/TH/102.jpg,https://raw.githubusercontent.com/indpDB/UC-ImageApps-MakeupStyles/master/C1/HD/102.jpg,https://raw.githubusercontent.com/indpDB/UC-ImageApps-MakeupStyles/master/C2/TH/102.jpg,https://raw.githubusercontent.com/indpDB/UC-ImageApps-MakeupStyles/master/C2/HD/102.jpg,https://raw.githubusercontent.com/indpDB/UC-ImageApps-MakeupStyles/master/C3/TH/102.jpg,https://raw.githubusercontent.com/indpDB/UC-ImageApps-MakeupStyles/master/C2/HD/102.jpg,,,,,,,,,,,,,,,,,,,,,,
,,,https://raw.githubusercontent.com/indpDB/UC-ImageApps-MakeupStyles/master/C1/TH/103.jpg,https://raw.githubusercontent.com/indpDB/UC-ImageApps-MakeupStyles/master/C1/HD/103.jpg,https://raw.githubusercontent.com/indpDB/UC-ImageApps-MakeupStyles/master/C2/TH/103.jpg,https://raw.githubusercontent.com/indpDB/UC-ImageApps-MakeupStyles/master/C2/HD/103.jpg,https://raw.githubusercontent.com/indpDB/UC-ImageApps-MakeupStyles/master/C3/TH/103.jpg,https://raw.githubusercontent.com/indpDB/UC-ImageApps-MakeupStyles/master/C2/HD/103.jpg,,,,,,,,,,,,,,,,,,,,,,
,,,https://raw.githubusercontent.com/indpDB/UC-ImageApps-MakeupStyles/master/C1/TH/104.jpg,https://raw.githubusercontent.com/indpDB/UC-ImageApps-MakeupStyles/master/C1/HD/104.jpg,https://raw.githubusercontent.com/indpDB/UC-ImageApps-MakeupStyles/master/C2/TH/104.jpg,https://raw.githubusercontent.com/indpDB/UC-ImageApps-MakeupStyles/master/C2/HD/104.jpg,https://raw.githubusercontent.com/indpDB/UC-ImageApps-MakeupStyles/master/C3/TH/104.jpg,https://raw.githubusercontent.com/indpDB/UC-ImageApps-MakeupStyles/master/C2/HD/104.jpg,,,,,,,,,,,,,,,,,,,,,,
,,,https://raw.githubusercontent.com/indpDB/UC-ImageApps-MakeupStyles/master/C1/TH/105.jpg,https://raw.githubusercontent.com/indpDB/UC-ImageApps-MakeupStyles/master/C1/HD/105.jpg,https://raw.githubusercontent.com/indpDB/UC-ImageApps-MakeupStyles/master/C2/TH/105.jpg,https://raw.githubusercontent.com/indpDB/UC-ImageApps-MakeupStyles/master/C2/HD/105.jpg,https://raw.githubusercontent.com/indpDB/UC-ImageApps-MakeupStyles/master/C3/TH/105.jpg,https://raw.githubusercontent.com/indpDB/UC-ImageApps-MakeupStyles/master/C2/HD/105.jpg,,,,,,,,,,,,,,,,,,,,,,
,,,https://raw.githubusercontent.com/indpDB/UC-ImageApps-MakeupStyles/master/C1/TH/106.jpg,https://raw.githubusercontent.com/indpDB/UC-ImageApps-MakeupStyles/master/C1/HD/106.jpg,https://raw.githubusercontent.com/indpDB/UC-ImageApps-MakeupStyles/master/C2/TH/106.jpg,https://raw.githubusercontent.com/indpDB/UC-ImageApps-MakeupStyles/master/C2/HD/106.jpg,https://raw.githubusercontent.com/indpDB/UC-ImageApps-MakeupStyles/master/C3/TH/106.jpg,https://raw.githubusercontent.com/indpDB/UC-ImageApps-MakeupStyles/master/C2/HD/106.jpg,,,,,,,,,,,,,,,,,,,,,,
,,,https://raw.githubusercontent.com/indpDB/UC-ImageApps-MakeupStyles/master/C1/TH/107.jpg,https://raw.githubusercontent.com/indpDB/UC-ImageApps-MakeupStyles/master/C1/HD/107.jpg,https://raw.githubusercontent.com/indpDB/UC-ImageApps-MakeupStyles/master/C2/TH/107.jpg,https://raw.githubusercontent.com/indpDB/UC-ImageApps-MakeupStyles/master/C2/HD/107.jpg,https://raw.githubusercontent.com/indpDB/UC-ImageApps-MakeupStyles/master/C3/TH/107.jpg,https://raw.githubusercontent.com/indpDB/UC-ImageApps-MakeupStyles/master/C2/HD/107.jpg,,,,,,,,,,,,,,,,,,,,,,
,,,https://raw.githubusercontent.com/indpDB/UC-ImageApps-MakeupStyles/master/C1/TH/108.jpg,https://raw.githubusercontent.com/indpDB/UC-ImageApps-MakeupStyles/master/C1/HD/108.jpg,https://raw.githubusercontent.com/indpDB/UC-ImageApps-MakeupStyles/master/C2/TH/108.jpg,https://raw.githubusercontent.com/indpDB/UC-ImageApps-MakeupStyles/master/C2/HD/108.jpg,https://raw.githubusercontent.com/indpDB/UC-ImageApps-MakeupStyles/master/C3/TH/108.jpg,https://raw.githubusercontent.com/indpDB/UC-ImageApps-MakeupStyles/master/C2/HD/108.jpg,,,,,,,,,,,,,,,,,,,,,,
,,,https://raw.githubusercontent.com/indpDB/UC-ImageApps-MakeupStyles/master/C1/TH/109.jpg,https://raw.githubusercontent.com/indpDB/UC-ImageApps-MakeupStyles/master/C1/HD/109.jpg,https://raw.githubusercontent.com/indpDB/UC-ImageApps-MakeupStyles/master/C2/TH/109.jpg,https://raw.githubusercontent.com/indpDB/UC-ImageApps-MakeupStyles/master/C2/HD/109.jpg,https://raw.githubusercontent.com/indpDB/UC-ImageApps-MakeupStyles/master/C3/TH/109.jpg,https://raw.githubusercontent.com/indpDB/UC-ImageApps-MakeupStyles/master/C2/HD/109.jpg,,,,,,,,,,,,,,,,,,,,,,
,,,https://raw.githubusercontent.com/indpDB/UC-ImageApps-MakeupStyles/master/C1/TH/110.jpg,https://raw.githubusercontent.com/indpDB/UC-ImageApps-MakeupStyles/master/C1/HD/110.jpg,https://raw.githubusercontent.com/indpDB/UC-ImageApps-MakeupStyles/master/C2/TH/110.jpg,https://raw.githubusercontent.com/indpDB/UC-ImageApps-MakeupStyles/master/C2/HD/110.jpg,https://raw.githubusercontent.com/indpDB/UC-ImageApps-MakeupStyles/master/C3/TH/110.jpg,https://raw.githubusercontent.com/indpDB/UC-ImageApps-MakeupStyles/master/C2/HD/110.jpg,,,,,,,,,,,,,,,,,,,,,,
,,,https://raw.githubusercontent.com/indpDB/UC-ImageApps-MakeupStyles/master/C1/TH/111.jpg,https://raw.githubusercontent.com/indpDB/UC-ImageApps-MakeupStyles/master/C1/HD/111.jpg,https://raw.githubusercontent.com/indpDB/UC-ImageApps-MakeupStyles/master/C2/TH/111.jpg,https://raw.githubusercontent.com/indpDB/UC-ImageApps-MakeupStyles/master/C2/HD/111.jpg,https://raw.githubusercontent.com/indpDB/UC-ImageApps-MakeupStyles/master/C3/TH/111.jpg,https://raw.githubusercontent.com/indpDB/UC-ImageApps-MakeupStyles/master/C2/HD/111.jpg,,,,,,,,,,,,,,,,,,,,,,
,,,https://raw.githubusercontent.com/indpDB/UC-ImageApps-MakeupStyles/master/C1/TH/112.jpg,https://raw.githubusercontent.com/indpDB/UC-ImageApps-MakeupStyles/master/C1/HD/112.jpg,https://raw.githubusercontent.com/indpDB/UC-ImageApps-MakeupStyles/master/C2/TH/112.jpg,https://raw.githubusercontent.com/indpDB/UC-ImageApps-MakeupStyles/master/C2/HD/112.jpg,https://raw.githubusercontent.com/indpDB/UC-ImageApps-MakeupStyles/master/C3/TH/112.jpg,https://raw.githubusercontent.com/indpDB/UC-ImageApps-MakeupStyles/master/C2/HD/112.jpg,,,,,,,,,,,,,,,,,,,,,,
,,,https://raw.githubusercontent.com/indpDB/UC-ImageApps-MakeupStyles/master/C1/TH/113.jpg,https://raw.githubusercontent.com/indpDB/UC-ImageApps-MakeupStyles/master/C1/HD/113.jpg,https://raw.githubusercontent.com/indpDB/UC-ImageApps-MakeupStyles/master/C2/TH/113.jpg,https://raw.githubusercontent.com/indpDB/UC-ImageApps-MakeupStyles/master/C2/HD/113.jpg,https://raw.githubusercontent.com/indpDB/UC-ImageApps-MakeupStyles/master/C3/TH/113.jpg,https://raw.githubusercontent.com/indpDB/UC-ImageApps-MakeupStyles/master/C2/HD/113.jpg,,,,,,,,,,,,,,,,,,,,,,
,,,https://raw.githubusercontent.com/indpDB/UC-ImageApps-MakeupStyles/master/C1/TH/114.jpg,https://raw.githubusercontent.com/indpDB/UC-ImageApps-MakeupStyles/master/C1/HD/114.jpg,https://raw.githubusercontent.com/indpDB/UC-ImageApps-MakeupStyles/master/C2/TH/114.jpg,https://raw.githubusercontent.com/indpDB/UC-ImageApps-MakeupStyles/master/C2/HD/114.jpg,https://raw.githubusercontent.com/indpDB/UC-ImageApps-MakeupStyles/master/C3/TH/114.jpg,https://raw.githubusercontent.com/indpDB/UC-ImageApps-MakeupStyles/master/C2/HD/114.jpg,,,,,,,,,,,,,,,,,,,,,,
,,,https://raw.githubusercontent.com/indpDB/UC-ImageApps-MakeupStyles/master/C1/TH/115.jpg,https://raw.githubusercontent.com/indpDB/UC-ImageApps-MakeupStyles/master/C1/HD/115.jpg,https://raw.githubusercontent.com/indpDB/UC-ImageApps-MakeupStyles/master/C2/TH/115.jpg,https://raw.githubusercontent.com/indpDB/UC-ImageApps-MakeupStyles/master/C2/HD/115.jpg,https://raw.githubusercontent.com/indpDB/UC-ImageApps-MakeupStyles/master/C3/TH/115.jpg,https://raw.githubusercontent.com/indpDB/UC-ImageApps-MakeupStyles/master/C2/HD/115.jpg,,,,,,,,,,,,,,,,,,,,,,
,,,https://raw.githubusercontent.com/indpDB/UC-ImageApps-MakeupStyles/master/C1/TH/116.jpg,https://raw.githubusercontent.com/indpDB/UC-ImageApps-MakeupStyles/master/C1/HD/116.jpg,https://raw.githubusercontent.com/indpDB/UC-ImageApps-MakeupStyles/master/C2/TH/116.jpg,https://raw.githubusercontent.com/indpDB/UC-ImageApps-MakeupStyles/master/C2/HD/116.jpg,https://raw.githubusercontent.com/indpDB/UC-ImageApps-MakeupStyles/master/C3/TH/116.jpg,https://raw.githubusercontent.com/indpDB/UC-ImageApps-MakeupStyles/master/C2/HD/116.jpg,,,,,,,,,,,,,,,,,,,,,,
,,,https://raw.githubusercontent.com/indpDB/UC-ImageApps-MakeupStyles/master/C1/TH/117.jpg,https://raw.githubusercontent.com/indpDB/UC-ImageApps-MakeupStyles/master/C1/HD/117.jpg,https://raw.githubusercontent.com/indpDB/UC-ImageApps-MakeupStyles/master/C2/TH/117.jpg,https://raw.githubusercontent.com/indpDB/UC-ImageApps-MakeupStyles/master/C2/HD/117.jpg,https://raw.githubusercontent.com/indpDB/UC-ImageApps-MakeupStyles/master/C3/TH/117.jpg,https://raw.githubusercontent.com/indpDB/UC-ImageApps-MakeupStyles/master/C2/HD/117.jpg,,,,,,,,,,,,,,,,,,,,,,
,,,https://raw.githubusercontent.com/indpDB/UC-ImageApps-MakeupStyles/master/C1/TH/118.jpg,https://raw.githubusercontent.com/indpDB/UC-ImageApps-MakeupStyles/master/C1/HD/118.jpg,https://raw.githubusercontent.com/indpDB/UC-ImageApps-MakeupStyles/master/C2/TH/118.jpg,https://raw.githubusercontent.com/indpDB/UC-ImageApps-MakeupStyles/master/C2/HD/118.jpg,https://raw.githubusercontent.com/indpDB/UC-ImageApps-MakeupStyles/master/C3/TH/118.jpg,https://raw.githubusercontent.com/indpDB/UC-ImageApps-MakeupStyles/master/C2/HD/118.jpg,,,,,,,,,,,,,,,,,,,,,,
,,,https://raw.githubusercontent.com/indpDB/UC-ImageApps-MakeupStyles/master/C1/TH/119.jpg,https://raw.githubusercontent.com/indpDB/UC-ImageApps-MakeupStyles/master/C1/HD/119.jpg,https://raw.githubusercontent.com/indpDB/UC-ImageApps-MakeupStyles/master/C2/TH/119.jpg,https://raw.githubusercontent.com/indpDB/UC-ImageApps-MakeupStyles/master/C2/HD/119.jpg,https://raw.githubusercontent.com/indpDB/UC-ImageApps-MakeupStyles/master/C3/TH/119.jpg,https://raw.githubusercontent.com/indpDB/UC-ImageApps-MakeupStyles/master/C2/HD/119.jpg,,,,,,,,,,,,,,,,,,,,,,
,,,https://raw.githubusercontent.com/indpDB/UC-ImageApps-MakeupStyles/master/C1/TH/120.jpg,https://raw.githubusercontent.com/indpDB/UC-ImageApps-MakeupStyles/master/C1/HD/120.jpg,https://raw.githubusercontent.com/indpDB/UC-ImageApps-MakeupStyles/master/C2/TH/120.jpg,https://raw.githubusercontent.com/indpDB/UC-ImageApps-MakeupStyles/master/C2/HD/120.jpg,https://raw.githubusercontent.com/indpDB/UC-ImageApps-MakeupStyles/master/C3/TH/120.jpg,https://raw.githubusercontent.com/indpDB/UC-ImageApps-MakeupStyles/master/C2/HD/120.jpg,,,,,,,,,,,,,,,,,,,,,,
